{"cameraMode":{"drawMode":0,"name":"Shaded","section":"Shading Mode"},"sceneLighting":true,"audioPlay":false,"sceneViewState":{"showFog":true,"showMaterialUpdate":false,"showSkybox":true,"showFlares":true,"showImageEffects":true,"showParticleSystems":true},"in2DMode":false,"pivot":{"x":-0.5100002288818359,"y":0.0,"z":2.6700000762939455},"rotation":{"x":0.00481821084395051,"y":-0.844772458076477,"z":0.5350501537322998,"w":0.0076016709208488468},"size":23.334524154663087,"orthographic":true}